BoM ID,BoM Description,BoM Variant ID,BoM Variant Description,Product ID,Product Description
4000001-1,Brand A,x,Brand A,4000001,Brand A
4000002-1,Brand A,x,Brand A,4000002,Brand A
4000003-1,Brand B,x,Brand B,4000003,Brand B
4000004-1,Brand B,x,Brand B,4000004,Brand B
4000011-1,Brand C,x,Brand C,4000011,Brand C
4000012-1,Brand D,x,Brand D,4000012,Brand D
4000013-1,Brand D,x,Brand D,4000013,Brand D
4000014-1,,x,,4000014,
4000015-1,Brand E,x,Brand E,4000015,Brand E
4000016-1,Brand F,x,Brand F,4000016,Brand F
4000017-1,,x,,4000017,
4000018-1,Brand G,x,Brand G,4000018,Brand G
4000019-1,Brand H,x,Brand H,4000019,Brand H
4000021-1,Brand I,x,Brand I,4000021,Brand I
4000022-1,Brand J,x,Brand J,4000022,Brand J
4000023-1,Brand K,x,Brand K,4000023,Brand K
4000024-1,Brand L,x,Brand L,4000024,Brand L
4000025-1,Brand M,x,Brand M,4000025,Brand M
4000026-1,Brand N,x,Brand N,4000026,Brand N
4000027-1,Brand N,x,Brand N,4000027,Brand N
4000028-1,Brand O,x,Brand O,4000028,Brand O
4000029-1,Brand O,x,Brand O,4000029,Brand O
4000031-1,Brand P,x,Brand P,4000031,Brand P
4000032-1,Brand P,x,Brand P,4000032,Brand P
4000033-1,Brand Q,x,Brand Q,4000033,Brand Q
4000034-1,Brand Q,x,Brand Q,4000034,Brand Q
4000035-1,Brand R,x,Brand R,4000035,Brand R
4000036-1,Brand R,x,Brand R,4000036,Brand R
4000037-1,Brand S,x,Brand S,4000037,Brand S
4000038-1,Brand S,x,Brand S,4000038,Brand S
4000039-1,Brand S,x,Brand S,4000039,Brand S
4000041-1,Brand A,x,Brand A,4000041,Brand A
4000042-1,Brand U,x,Brand U,4000042,Brand U
4000043-1,Brand V,x,Brand V,4000043,Brand V
4000044-1,Brand W,x,Brand W,4000044,Brand W
4000045-1,Brand W,x,Brand W,4000045,Brand W
4000046-1,Brand W,x,Brand W,4000046,Brand W
4000047-1,Brand B,x,Brand B,4000047,Brand B
4000048-1,Brand B,x,Brand B,4000048,Brand B
4000049-1,Brand B,x,Brand B,4000049,Brand B
4000051-1,Brand C,x,Brand C,4000051,Brand C
4000052-1,Brand C,x,Brand C,4000052,Brand C
4000053-1,Brand C,x,Brand C,4000053,Brand C
4000054-1,Brand E,x,Brand E,4000054,Brand E
4000055-1,Brand E,x,Brand E,4000055,Brand E
4000056-1,Brand A,x,Brand A,4000056,Brand A
4000057-1,Brand A,x,Brand A,4000057,Brand A
4000058-1,Brand A,x,Brand A,4000058,Brand A