Production Model ID,Production Model Description,Product ID,Product Description
4000001-1-INS,Inspection_Assembly ,4000001,Brand A
4000001-1-CTN,STK+CTN_CHANGE CODE ,4000001,Brand A
4000001-1-DIR,DIRECT ,4000001,Brand A
4000002-1-INS,Inspection_Assembly ,4000002,Brand A
4000002-1-CTN,STK+CTN_CHANGE CODE ,4000002,Brand A
4000002-1-DIR,DIRECT ,4000002,Brand A
4000003-1-INS,Inspection_Assembly ,4000003,Brand B
4000003-1-CTN,STK+CTN_CHANGE CODE ,4000003,Brand B
4000004-1-INS,Inspection_Assembly ,4000004,Brand B
4000004-1-CTN,STK+CTN_CHANGE CODE ,4000004,Brand B
4000011-1-INS,Inspection_Assembly ,4000011,Brand C
4000011-1-CTN,STK+CTN_CHANGE CODE ,4000011,Brand C
4000011-1-DIR,DIRECT ,4000011,Brand C
4000012-1-INS,Inspection_Assembly ,4000012,Brand D
4000012-1-CTN,STK+CTN_CHANGE CODE ,4000012,Brand D
4000013-1-INS,Inspection_Assembly ,4000013,Brand D
4000013-1-DIR,DIRECT ,4000013,Brand D
4000014-1-INS,Inspection_Assembly,4000014,
4000014-1-CTN,STK+CTN_CHANGE CODE,4000014,
4000014-1-DIR,DIRECT,4000014,
4000015-1-INS,Inspection_Assembly,4000015,Brand E
4000015-1-CTN,STK+CTN_CHANGE CODE,4000015,Brand E
4000015-1-DIR,DIRECT,4000015,Brand E
4000016-1-INS,Inspection_Assembly,4000016,Brand F
4000016-1-CTN,STK+CTN_CHANGE CODE,4000016,Brand F
4000016-1-DIR,DIRECT,4000016,Brand F
4000017-1-INS,Inspection_Assembly,4000017,
4000017-1-CTN,STK+CTN_CHANGE CODE,4000017,
4000017-1-DIR,DIRECT,4000017,
4000018-1-INS,Inspection_Assembly,4000018,Brand G
4000018-1-CTN,STK+CTN_CHANGE CODE,4000018,Brand G
4000018-1-DIR,DIRECT,4000018,Brand G
4000019-1-INS,Inspection_Assembly,4000019,Brand H
4000019-1-CTN,STK+CTN_CHANGE CODE,4000019,Brand H
4000019-1-DIR,DIRECT,4000019,Brand H
4000021-1-INS,Inspection_Assembly,4000021,Brand I
4000021-1-CTN,STK+CTN_CHANGE CODE,4000021,Brand I
4000021-1-DIR,DIRECT,4000021,Brand I
4000022-1-INS,Inspection_Assembly,4000022,Brand J
4000022-1-CTN,STK+CTN_CHANGE CODE,4000022,Brand J
4000022-1-DIR,DIRECT,4000022,Brand J
4000023-1-INS,Inspection_Assembly,4000023,Brand K
4000023-1-CTN,STK+CTN_CHANGE CODE,4000023,Brand K
4000023-1-DIR,DIRECT,4000023,Brand K
4000024-1-INS,Inspection_Assembly,4000024,Brand L
4000024-1-CTN,STK+CTN_CHANGE CODE,4000024,Brand L
4000024-1-DIR,DIRECT,4000024,Brand L
4000025-1-INS,Inspection_Assembly,4000025,Brand M
4000025-1-CTN,STK+CTN_CHANGE CODE,4000025,Brand M
4000025-1-DIR,DIRECT,4000025,Brand M
4000026-1-INS,Inspection_Assembly,4000026,Brand N
4000026-1-CTN,STK+CTN_CHANGE CODE,4000026,Brand N
4000026-1-DIR,DIRECT,4000026,Brand N
4000027-1-INS,Inspection_Assembly,4000027,Brand N
4000027-1-CTN,STK+CTN_CHANGE CODE,4000027,Brand N
4000027-1-DIR,DIRECT,4000027,Brand N
4000028-1-INS,Inspection_Assembly,4000028,Brand O
4000028-1-CTN,STK+CTN_CHANGE CODE,4000028,Brand O
4000028-1-DIR,DIRECT,4000028,Brand O
4000029-1-INS,Inspection_Assembly,4000029,Brand O
4000029-1-CTN,STK+CTN_CHANGE CODE,4000029,Brand O
4000029-1-DIR,DIRECT,4000029,Brand O
4000031-1-INS,Inspection_Assembly,4000031,Brand P
4000031-1-CTN,STK+CTN_CHANGE CODE,4000031,Brand P
4000031-1-DIR,DIRECT,4000031,Brand P
4000032-1-INS,Inspection_Assembly,4000032,Brand P
4000032-1-CTN,STK+CTN_CHANGE CODE,4000032,Brand P
4000032-1-DIR,DIRECT,4000032,Brand P
4000033-1-INS,Inspection_Assembly,4000033,Brand Q
4000033-1-CTN,STK+CTN_CHANGE CODE,4000033,Brand Q
4000033-1-DIR,DIRECT,4000033,Brand Q
4000034-1-INS,Inspection_Assembly,4000034,Brand Q
4000034-1-CTN,STK+CTN_CHANGE CODE,4000034,Brand Q
4000034-1-DIR,DIRECT,4000034,Brand Q
4000035-1-INS,Inspection_Assembly,4000035,Brand R
4000035-1-CTN,STK+CTN_CHANGE CODE,4000035,Brand R
4000035-1-DIR,DIRECT,4000035,Brand R
4000036-1-INS,Inspection_Assembly,4000036,Brand R
4000036-1-CTN,STK+CTN_CHANGE CODE,4000036,Brand R
4000036-1-DIR,DIRECT,4000036,Brand R
4000037-1-INS,Inspection_Assembly,4000037,Brand S
4000037-1-CTN,STK+CTN_CHANGE CODE,4000037,Brand S
4000037-1-DIR,DIRECT,4000037,Brand S
4000038-1-INS,Inspection_Assembly,4000038,Brand S
4000038-1-CTN,STK+CTN_CHANGE CODE,4000038,Brand S
4000038-1-DIR,DIRECT,4000038,Brand S
4000039-1-INS,Inspection_Assembly,4000039,Brand S
4000039-1-CTN,STK+CTN_CHANGE CODE,4000039,Brand S
4000039-1-DIR,DIRECT,4000039,Brand S
4000041-1-INS,Inspection_Assembly,4000041,Brand A
4000041-1-CTN,STK+CTN_CHANGE CODE,4000041,Brand A
4000041-1-DIR,DIRECT,4000041,Brand A
4000042-1-INS,Inspection_Assembly,4000042,Brand U
4000042-1-CTN,STK+CTN_CHANGE CODE,4000042,Brand U
4000042-1-DIR,DIRECT,4000042,Brand U
4000043-1-INS,Inspection_Assembly,4000043,Brand V
4000043-1-CTN,STK+CTN_CHANGE CODE,4000043,Brand V
4000043-1-DIR,DIRECT,4000043,Brand V
4000044-1-INS,Inspection_Assembly,4000044,Brand W
4000044-1-CTN,STK+CTN_CHANGE CODE,4000044,Brand W
4000044-1-DIR,DIRECT,4000044,Brand W
4000045-1-INS,Inspection_Assembly,4000045,Brand W
4000045-1-CTN,STK+CTN_CHANGE CODE,4000045,Brand W
4000045-1-DIR,DIRECT,4000045,Brand W
4000046-1-INS,Inspection_Assembly,4000046,Brand W
4000046-1-CTN,STK+CTN_CHANGE CODE,4000046,Brand W
4000046-1-DIR,DIRECT,4000046,Brand W
4000047-1-INS,Inspection_Assembly,4000047,Brand B
4000047-1-CTN,STK+CTN_CHANGE CODE,4000047,Brand B
4000047-1-DIR,DIRECT,4000047,Brand B
4000048-1-INS,Inspection_Assembly,4000048,Brand B
4000048-1-CTN,STK+CTN_CHANGE CODE,4000048,Brand B
4000048-1-DIR,DIRECT,4000048,Brand B
4000049-1-INS,Inspection_Assembly,4000049,Brand B
4000049-1-CTN,STK+CTN_CHANGE CODE,4000049,Brand B
4000049-1-DIR,DIRECT,4000049,Brand B
4000051-1-INS,Inspection_Assembly,4000051,Brand C
4000051-1-CTN,STK+CTN_CHANGE CODE,4000051,Brand C
4000051-1-DIR,DIRECT,4000051,Brand C
4000052-1-INS,Inspection_Assembly,4000052,Brand C
4000052-1-CTN,STK+CTN_CHANGE CODE,4000052,Brand C
4000052-1-DIR,DIRECT,4000052,Brand C
4000053-1-INS,Inspection_Assembly,4000053,Brand C
4000053-1-CTN,STK+CTN_CHANGE CODE,4000053,Brand C
4000053-1-DIR,DIRECT,4000053,Brand C
4000054-1-INS,Inspection_Assembly,4000054,Brand E
4000054-1-CTN,STK+CTN_CHANGE CODE,4000054,Brand E
4000054-1-DIR,DIRECT,4000054,Brand E
4000055-1-INS,Inspection_Assembly,4000055,Brand E
4000055-1-CTN,STK+CTN_CHANGE CODE,4000055,Brand E
4000055-1-DIR,DIRECT,4000055,Brand E
4000056-1-INS,Inspection_Assembly,4000056,Brand A
4000056-1-CTN,STK+CTN_CHANGE CODE,4000056,Brand A
4000056-1-DIR,DIRECT,4000056,Brand A
4000057-1-INS,Inspection_Assembly,4000057,Brand A
4000057-1-CTN,STK+CTN_CHANGE CODE,4000057,Brand A
4000057-1-DIR,DIRECT,4000057,Brand A
4000058-1-INS,Inspection_Assembly,4000058,Brand A
4000058-1-CTN,STK+CTN_CHANGE CODE,4000058,Brand A
4000058-1-DIR,DIRECT,4000058,Brand A